{"materials":[{"id":"446","path":"Resources/unity_builtin_extra\\Sprites-Default","assetBundleId":"-2","data":["Sprites-Default",0,"20",3000,0,[["PixelSnap",0],["_EnableExternalAlpha",0]],[["_Color",1,1,1,1],["_RendererColor",1,1,1,1]],[["_MainTex_ST",1,1,0,0],["_Flip",1,1,1,1],["_AlphaTex_ST",1,1,0,0]],[["_MainTex",null,null],["_AlphaTex",null,null]],[["ETC1_EXTERNAL_ALPHA",1]]]}],"shaders":[{"id":"20","assetBundleId":"-2","data":[[],"Sprites/Default","0000000000000000f000000000000000",["PIXELSNAP_ON"],[[0,0,"",0,0,[4,null],[0,null],[0,null],[[1,null],[10,null],[0,null]],[[1,null],[10,null],[0,null]],[15,null],[0,null],[0,null],[0,null],[255,null],[255,null],[[0,null],[0,null],[0,null],[8,null]],[[0,null],[0,null],[0,null],[8,null]],[[0,null],[0,null],[0,null],[8,null]],[["QUEUE","Transparent"],["IGNOREPROJECTOR","true"],["RENDERTYPE","Transparent"],["CANUSESPRITEATLAS","true"],["PREVIEWTYPE","Plane"]],["INSTANCING_ON","ETC1_EXTERNAL_ALPHA","PIXELSNAP_ON"],[[0,0,[],0,1,0],[0,0,["PIXELSNAP_ON"],2,1,0]],[],0]],[],[["_MainTex",4,0,0,0,0,"white"],["_Color",0,1,1,1,1,""],["PixelSnap",2,0,0,0,0,""],["_RendererColor",0,1,1,1,1,""],["_Flip",1,1,1,1,1,""],["_AlphaTex",4,0,0,0,0,"white"],["_EnableExternalAlpha",2,0,0,0,0,""]],null,null,0,0]},{"id":"280","assetBundleId":"-2","data":[[],"Unlit/Transparent","0000000000000000f000000000000000",["FOG_LINEAR","FOG_EXP","FOG_EXP2"],[[0,0,"",0,0,[4,null],[0,null],[2,null],[[5,null],[10,null],[0,null]],[[5,null],[10,null],[0,null]],[15,null],[0,null],[0,null],[0,null],[255,null],[255,null],[[0,null],[0,null],[0,null],[8,null]],[[0,null],[0,null],[0,null],[8,null]],[[0,null],[0,null],[0,null],[8,null]],[["QUEUE","Transparent"],["IGNOREPROJECTOR","true"],["RENDERTYPE","Transparent"]],["FOG_LINEAR","FOG_EXP","FOG_EXP2"],[[0,0,[],3,4,0]],[],0]],[],[["_MainTex",4,0,0,0,0,"white"]],null,null,0,0]},{"id":"22","assetBundleId":"-2","data":[[],"UI/Default","0000000000000000f000000000000000",["UNITY_UI_CLIP_RECT","UNITY_UI_ALPHACLIP"],[[0,0,"Default",0,0,[0,"unity_GUIZTestMode"],[0,null],[0,null],[[5,null],[10,null],[0,null]],[[5,null],[10,null],[0,null]],[0,"_ColorMask"],[0,null],[0,null],[0,"_Stencil"],[0,"_StencilReadMask"],[0,"_StencilWriteMask"],[[0,"_StencilOp"],[0,null],[0,null],[0,"_StencilComp"]],[[0,null],[0,null],[0,null],[8,null]],[[0,null],[0,null],[0,null],[8,null]],[["QUEUE","Transparent"],["IGNOREPROJECTOR","true"],["RENDERTYPE","Transparent"],["CANUSESPRITEATLAS","true"],["PREVIEWTYPE","Plane"]],["UNITY_UI_CLIP_RECT","UNITY_UI_ALPHACLIP"],[[0,0,[],5,6,0],[0,0,["UNITY_UI_ALPHACLIP"],5,7,0],[0,0,["UNITY_UI_CLIP_RECT"],5,8,0],[0,0,["UNITY_UI_ALPHACLIP","UNITY_UI_CLIP_RECT"],5,9,0]],[],0]],[],[["_MainTex",4,0,0,0,0,"white"],["_Color",0,1,1,1,1,""],["_StencilComp",2,8,0,0,0,""],["_Stencil",2,0,0,0,0,""],["_StencilOp",2,0,0,0,0,""],["_StencilWriteMask",2,255,0,0,0,""],["_StencilReadMask",2,255,0,0,0,""],["_ColorMask",2,15,0,0,0,""],["_UseUIAlphaClip",2,0,0,0,0,""]],null,null,0,0]}],"sprites":[{"id":"686","path":"Resources/unity_builtin_extra\\UISprite","assetBundleId":"-2","data":["UISprite",4,"684",[0,0,0,0.08,0.08,0],[0.05,0.08,0,0.8125,1,0.08,-0.08,0,1,0,0.08,0.075,0,1,0.96875,-0.07,0.08,0,0.0625,1,-0.075,-0.08,0,0.03124997,0,-0.08,0.07,0,0,0.9375,-0.08,-0.05,0,0,0.1875],[6,5,4,3,4,5,1,4,3,0,1,3,2,1,0],-0.000835968181490898,-0.00160364620387554,0.999164044857025,0.998396337032318,0,0,1,1,0.3125,0.3125,0.3125,0.3125,[0,0,0,0],[-0.08,-0.08,0.08,0.08],200,32,32,32,32,16,16,0.0267509818077087,0.0513166785240173]}],"textures":[{"id":"684","type":0,"path":"Resources/unity_builtin_extra\\UISprite","assetBundleId":"-2","data":["UISprite",32,32,6,16,1,0,4,1,1,1]}],"resources":[{"id":"resources","assetBundleId":"-2","data":[[["unity_builtin_extra",0,"22"],["unity_builtin_extra",0,"20"],["unity_builtin_extra",2,"446"],["unity_builtin_extra",4,"684"],["unity_builtin_extra",11,"686"],["fonts & materials/liberationsans sdf",4,"15866"],["fonts & materials/liberationsans sdf",2,"15850"],["fonts & materials/liberationsans sdf - fallback",4,"15886"],["fonts & materials/liberationsans sdf - fallback",2,"15884"],["fonts & materials/liberationsans sdf - fallback",1,"15870"],["fonts & materials/liberationsans sdf",1,"15848"],["sprite assets/emojione",2,"15926"],["sprite assets/emojione",36,"15908"],["style sheets/default style sheet",37,"15910"],["linebreaking leading characters",38,"15906"],["linebreaking following characters",38,"15914"],["tmp settings",35,"15918"]],[]]}],"project-settings":[{"id":"-1","assetBundleId":"-2","data":[[["CinemachinePixelPerfect",-1],["EventSystem",-1000],["TextContainer",-110],["TextMeshProUGUI",-100],["TextMeshPro",-105]],[[0,"Default",0]],[[0,"Default"],[1,"TransparentFX"],[2,"Ignore Raycast"],[4,"Water"],[5,"UI"]],[0.0199999995529652,0.100000001490116,1,0.0299999993294477],[0,-9.8100004196167,0,6,2,0,1,[[0,0,0],[0,0,1],[0,0,2],[0,0,4],[0,0,5],[0,1,0],[0,1,1],[0,1,2],[0,1,4],[0,1,5],[0,2,0],[0,2,1],[0,2,2],[0,2,4],[0,2,5],[0,4,0],[0,4,1],[0,4,2],[0,4,4],[0,4,5],[0,5,0],[0,5,1],[0,5,2],[0,5,4],[0,5,5]]],[null,null,0,-9.8100004196167,3,8,1,0.200000002980232,8,0,0,0.5,0.00999999977648258,2,0.00999999977648258,1,1,1,1,1,0,[[0,0,0],[0,0,1],[0,0,2],[0,0,4],[0,0,5],[0,1,0],[0,1,1],[0,1,2],[0,1,4],[0,1,5],[0,2,0],[0,2,1],[0,2,2],[0,2,4],[0,2,5],[0,4,0],[0,4,1],[0,4,2],[0,4,4],[0,4,5],[0,5,0],[0,5,1],[0,5,2],[0,5,4],[0,5,5]]],[[[[],["Very Low","Low","Medium","High","Very High","Ultra"],0,0,0,0.300000011920929,1,15,0,1,0,0,0,0,0,1,2,4,0,0,0.333333343267441,0.0666666701436043,0.200000002980232,0.466666668653488,0,0,16,2,0,3,512,0,1,2,512,1,1024,0],[[],["Very Low","Low","Medium","High","Very High","Ultra"],0,0,0,0.400000005960464,1,20,0,1,0,0,0,0,0,0,2,16,0,0,0.333333343267441,0.0666666701436043,0.200000002980232,0.466666668653488,0,0,16,2,0,3,512,0,1,2,512,1,1024,1],[[],["Very Low","Low","Medium","High","Very High","Ultra"],0,0,0,0.699999988079071,1,20,0,1,0,0,0,0,0,0,2,64,1,0,0.333333343267441,0.0666666701436043,0.200000002980232,0.466666668653488,0,1,16,2,0,3,512,0,1,2,512,1,1024,2],[[],["Very Low","Low","Medium","High","Very High","Ultra"],0,0,0,1,2,40,1,1,1,0,1,0,0,0,2,256,2,0,0.333333343267441,0.0666666701436043,0.200000002980232,0.466666668653488,0,1,16,2,0,3,512,0,1,2,512,1,1024,3],[[],["Very Low","Low","Medium","High","Very High","Ultra"],0,0,0,1.5,2,70,1,1,2,0,1,0,0,0,2,1024,3,0,0.333333343267441,0.0666666701436043,0.200000002980232,0.466666668653488,0,1,16,2,0,3,512,0,1,2,512,1,1024,4],[[],["Very Low","Low","Medium","High","Very High","Ultra"],0,0,0,2,4,150,1,1,0,0,1,0,0,0,2,4096,4,0,0.333333343267441,0.0666666701436043,0.200000002980232,0.466666668653488,0,1,16,2,0,3,512,0,1,2,512,1,1024,5]],["Very Low","Low","Medium","High","Very High","Ultra"],0,0,0,1,2,40,1,1,1,0,1,0,0,0,2,256,2,0,0.333333343267441,0.0666666701436043,0.200000002980232,0.466666668653488,0,1,16,2,0,3,512,0,1,2,512,1,1024,3],0,1,0,2,0]}]}